name,url
VAPE IT STORE II,https://jportal.mdcourts.gov/license/pbLicenseDetail.jsp?owi=3QQh8xJxJfk%3D
VAPE IT STORE I,https://jportal.mdcourts.gov/license/pbLicenseDetail.jsp?owi=F95H2GIIu0Y%3D
VAPEPAD THE,https://jportal.mdcourts.gov/license/pbLicenseDetail.jsp?owi=6hDn2RW%2FbcE%3D
VAPE FROG,
VAPE FROG,
VAPE IT STORE II,https://jportal.mdcourts.gov/license/pbLicenseDetail.jsp?owi=3QQh8xJxJfk%3D
VAPE IT STORE I,https://jportal.mdcourts.gov/license/pbLicenseDetail.jsp?owi=F95H2GIIu0Y%3D
VAPEPAD THE,https://jportal.mdcourts.gov/license/pbLicenseDetail.jsp?owi=6hDn2RW%2FbcE%3D
VAPE FROG,
VAPE FROG,
VAPE LOFT THE,https://jportal.mdcourts.gov/license/pbLicenseDetail.jsp?owi=AnvrrN9NtP8%3D
VAPE N CIGAR,https://jportal.mdcourts.gov/license/pbLicenseDetail.jsp?owi=Gqg%2F5iWa2KM%3D
VAPE DOJO,https://jportal.mdcourts.gov/license/pbLicenseDetail.jsp?owi=kJ8OesDzBgQ%3D
VAPE HAVEN,
VAPORS LOUNGE,
VAPORFI SOUTHSIDE,https://jportal.mdcourts.gov/license/pbLicenseDetail.jsp?owi=lOfJ28YLkjI%3D
VAPE DO JO,https://jportal.mdcourts.gov/license/pbLicenseDetail.jsp?owi=7p21f5kSX%2Bo%3D
VAPERTETMD,
VAPERTEKMD,https://jportal.mdcourts.gov/license/pbLicenseDetail.jsp?owi=eDR9VKajlDA%3D
VAPORIOT,
VAPE PLUS,https://jportal.mdcourts.gov/license/pbLicenseDetail.jsp?owi=KPZCijszGkY%3D
VAPE SOCIAL,https://jportal.mdcourts.gov/license/pbLicenseDetail.jsp?owi=etNUqFWnF2Y%3D
VAPE JUNGLE,https://jportal.mdcourts.gov/license/pbLicenseDetail.jsp?owi=mG6RSfR7u7A%3D
VAPE TIME,
VAPEBAR EXPESS,
VAPEWERKS,https://jportal.mdcourts.gov/license/pbLicenseDetail.jsp?owi=JvRaLba3Bjs%3D
VAPIST MD,https://jportal.mdcourts.gov/license/pbLicenseDetail.jsp?owi=dX7NmisNpHg%3D
VAPOR 99,
VAPOR ALLEY,https://jportal.mdcourts.gov/license/pbLicenseDetail.jsp?owi=1CEQeoLRuyM%3D
VAPOR EMPORIUM,https://jportal.mdcourts.gov/license/pbLicenseDetail.jsp?owi=T4zgwNRJsE8%3D
VAPOR VILLA,https://jportal.mdcourts.gov/license/pbLicenseDetail.jsp?owi=0iN%2Fe3XRjlA%3D
VAPOR VILLA,https://jportal.mdcourts.gov/license/pbLicenseDetail.jsp?owi=Btdj3I0fG1c%3D
VAPORS LOUNGE,https://jportal.mdcourts.gov/license/pbLicenseDetail.jsp?owi=zhKmLNpMCWI%3D
VAPE DOJO,https://jportal.mdcourts.gov/license/pbLicenseDetail.jsp?owi=J3xtf3QM5G0%3D
VAPE DOJO,https://jportal.mdcourts.gov/license/pbLicenseDetail.jsp?owi=fZ8ZLkSZmz4%3D
VAPE DOJO,https://jportal.mdcourts.gov/license/pbLicenseDetail.jsp?owi=mTd8KA2uesY%3D
VAPE DOJO,https://jportal.mdcourts.gov/license/pbLicenseDetail.jsp?owi=1acvp27%2B45A%3D
VAPEZ YARDHOUSE,
VAPERS RING,https://jportal.mdcourts.gov/license/pbLicenseDetail.jsp?owi=tH2uyAvE6YM%3D
